{"cameraMode":{"drawMode":0,"name":"Shaded","section":"Shading Mode"},"sceneLighting":true,"audioPlay":false,"sceneViewState":{"m_AlwaysRefresh":false,"showFog":true,"showSkybox":true,"showFlares":true,"showImageEffects":true,"showParticleSystems":true,"showVisualEffectGraphs":true,"m_FxEnabled":true},"in2DMode":false,"pivot":{"x":635.7354736328125,"y":236.22085571289063,"z":795.0579223632813},"rotation":{"x":-0.003002515062689781,"y":-0.0756392553448677,"z":-0.00010660885891411453,"w":0.9973376989364624},"size":657.1224975585938,"orthographic":false}