{"cameraMode":{"drawMode":0,"name":"Shaded","section":"Shading Mode"},"sceneLighting":true,"audioPlay":false,"sceneViewState":{"m_AlwaysRefresh":false,"showFog":true,"showSkybox":true,"showFlares":true,"showImageEffects":true,"showParticleSystems":true,"showVisualEffectGraphs":true,"m_FxEnabled":true},"in2DMode":false,"pivot":{"x":555.06005859375,"y":249.57687377929688,"z":-321.0175476074219},"rotation":{"x":0.10059504956007004,"y":0.030154451727867128,"z":-0.003045105841010809,"w":0.9944809675216675},"size":186.86660766601563,"orthographic":false}